name,parent_name,sequence_type,psipos,psipos_5mer,delpos,parent_mod,parent_psipos5mer,lit_annotation,lit_enzyme,heatmap_27,parent_gene,parent_chr,parent_psi,parent_strand,seq
ACVR2B_chr3_38493029,ACVR2B_chr3_38493029,original_pool1,66,TGTAG,66,intersection,TGTAG,"PRAISE, directRNA_both",PUS7,TRUE,ACVR2B,chr3,38493029,+,TCTGCTAAGTTGGGGTTTTGCTGCTTGAACTCTGCACTGGGTCCTCAAATAAACCGATGTGAATGTAGTTTTTTCCCCCTGTGTGAAGAAGCAGTTACACCCCAACAATAGGAGGAAAAATCTAGAACTA
AP2B1_chr17_35724705,AP2B1_chr17_35724705,original_pool1,66,TGTAG,66,intersection,TGTAG,"PRAISE, directRNA_UtoC",PUS7,TRUE,AP2B1,chr17,35724705,+,CCTCTTTTCCTACAAAGGAGAAAGATAAAAGGCACAAAGGTTACCGCCAAGGCCCGTCAGCTGTGTAGTGGCAAAGCCGAGACCGAGTCTCCTAAGTCCCCGTCAGTGTGGTTTTCACCACAGGACTGTC
BCL2L2.BCL2L2-PABPN1_chr14_23307820,BCL2L2.BCL2L2-PABPN1_chr14_23307820,original_pool1,66,TGTAG,66,intersection,TGTAG,"PRAISE, directRNA_UtoC",PUS7,TRUE,"BCL2L2,BCL2L2-PABPN1",chr14,23307820,+,TATAGCCGCCCGGATGGCGACCCCAGCCTCGGCCCCAGACACACGGGCTCTGGTGGCAGACTTTGTAGGTTATAAGCTGAGGCAGAAGGGTTATGTCTGTGGAGCTGGCCCCGGGGAGGGCCCAGCAGCT
CTDSP2_chr12_57820227,CTDSP2_chr12_57820227,original_pool1,66,TGTAG,66,intersection,TGTAG,PRAISE; directRNA_UtoC,PUS7,TRUE,CTDSP2,chr12,57820227,-,ATTTACATTCAGCCAGGGAAGAGGAGGCCAGAGGTCGGGCCAGCTGCCCCATTCTTTTAACGTTGTAGGGCCTGCCCATGGAGCGGACCCTCCTCTTTGGGCCTCGTGAGCTTTTTTGCTTATCATGTTC
DCTN1_chr2_74378181,DCTN1_chr2_74378181,original_pool1,66,TGTAG,66,intersection,TGTAG,PRAISE,PUS7,TRUE,DCTN1,chr2,74378181,-,GACGCCCAGCGGCAGCAGGATGAGTGCGGAGGCAAGCGCCCGGCCTCTGCGGGTGGGCTCCCGTGTAGAGGTGATTGGAAAAGGCCACCGAGGCACTGTGGCCTATGTTGGAGCCACACTGTTTGCCACT
EIF4A2_chr3_186785283,EIF4A2_chr3_186785283,original_pool1,66,TGTAG,66,intersection,TGTAG,CMC_IVT,PUS7,TRUE,EIF4A2,chr3,186785283,+,TGTCCATGCATGCAGGGAGTTTTTGTTGAAAGTTTTAAAAGAACTGGGTATGCAGGTATGGTTTGTAGGGTTGTATACTAATAGATTGAGAATCCGAAGCGCTCTCTTGGATGTACTAGATCTGTCCCCA
EP400_chr12_132032038,EP400_chr12_132032038,original_pool1,66,TGTAG,66,intersection,TGTAG,PRAISE,PUS7,TRUE,EP400,chr12,132032038,+,CAGAGACAGGCGGATTTTTTGTGCCATTCTCTCCACTCACAGCCGTACCACAGGTATAAACCTTGTAGAGGCGGACACCGTCGTGTTTTATGACAATGACCTGAATCCAGTGATGGATGCCAAAGCTCAG
GHITM_chr10_84141542,GHITM_chr10_84141542,original_pool1,66,TCTAG,66,intersection,TCTAG,PRAISE,PUS7,TRUE,GHITM,chr10,84141542,+,CGGTAGACCTGGTGCACCACCACCATGTTGGCTGCAAGGCTGGTGTGTCTCCGGACACTACCTTCTAGGGTTTTCCACCCAGCTTTCACCAAGGCCTCCCCTGTTGTGAAGAATTCCATCACGAAGAATC
IGF2BP1_chr17_49043468,IGF2BP1_chr17_49043468,original_pool1,66,TGTAG,66,intersection,TGTAG,"PRAISE, directRNA_UtoC",PUS7,TRUE,IGF2BP1,chr17,49043468,+,CTTCCTCCTCATCTTTCTTCCCCAGCTGCAGTCTCACCTGATCCCTGGCCTGAACCTGGCTGCTGTAGGTCTTTTCCCAGCTTCATCCAGCGCAGTCCCGCCGCCTCCCAGCAGCGTTACTGGGGCTGCT
INTS10_chr8_19851849,INTS10_chr8_19851849,original_pool1,66,TGTAG,66,intersection,TGTAG,PRAISE; directRNA_dorado,PUS7,TRUE,INTS10,chr8,19851849,+,GCTCCTTCAGACTCTGACCTGAGTGGAGACCTTTCCACCAGACACAGCTCGGGCCTGTGTAATTGTAGGAGAAGACACTCAGCAGTGATTGCCATGGCACAGAGCCGTGGTCATTGTTGCTGTTACAAAG
MALAT1_chr11_65503351,MALAT1_chr11_65503351,original_pool1,66,TGTAG,66,intersection,TGTAG,"PRAISE, directRNA_UtoC",PUS7,TRUE,"MALAT1,TALAM1",chr11,65503351,+,TCCTGACCCCTTCCCTAGGGGATTTCAGGATTGAGAAATTTTTCCATCGAGCCTTTTTAAAATTGTAGGACTTGTTCCTGTGGGCTTCAGTGATGGGATAGTACACTTCACTCAGAGGCATTTGCATCTT
MRPS21_chr1_150294195,MRPS21_chr1_150294195,original_pool1,66,TCTAG,66,intersection,TCTAG,PRAISE,PUS7,TRUE,MRPS21,chr1,150294195,+,TTCTTCTCTATGCGAGGATTTGGACTGGCAGTGAGAATAAGAGACAACGATTCACGTCTACTTTCTAGGATGACTTCCATGTGCTCCATCTCGCGCGTCCCTGAGCATGTTGAATTTCCAAATCCTAAAT
NPEPPS_chr17_47605358,NPEPPS_chr17_47605358,original_pool1,66,TGTAG,66,intersection,TGTAG,PRAISE,PUS7,TRUE,"NPEPPS,KPNB1-DT",chr17,47605358,+,GTTTGAAGACTAGGTTAATTTATGTTTTTTCCTATCCCAGGCTCGAGCTGGAATCATTAGCACTGTAGAGGTTCTAAAAGTCATGGAGGCTTTTGTGAATGAGCCCAATTATACTGTATGGAGCGACCTG
NRDC_chr1_51791640,NRDC_chr1_51791640,original_pool1,66,TGTAG,66,intersection,TGTAG,"BID, PRAISE",PUS7,TRUE,"OSBPL9,NRDC",chr1,51791640,-,AGATGATCACCTGAGCTCATATAACTTTTCTCTCTGGCTTGTAGGTACCATGTCTACCCTACCTGTAGGAACACATCCGGGATTCTAGGATTTTCTGTCACTGTGGGGACTCAGGCAACCAAATACAAGT
PAH_chr12_102852230,PAH_chr12_102852230,original_pool1,66,TGTAG,66,intersection,TGTAG,CMC_IVT,PUS7,TRUE,PAH,chr12,102852230,-,TCATTGCTACAAATCCAAAAAGACCTGTTCCAAATGGACATAGCACATACAGTGTTAAATAAATGTAGGTTTTCTTCCCTCACTGCTGTCCACCTCCAGACTAACAGAAGAGCAGCACTGTTTTTGTTTT
PGRMC2_chr4_128270304,PGRMC2_chr4_128270304,original_pool1,66,TTTAG,63,intersection,TTTAG,PRAISE,PUS7,TRUE,PGRMC2,chr4,128270304,-,TGCTTTTCTGTTTTCAAAAAAATTGAAAAACAAATCAACTCTTATCCCCAACAGCTGCCTAATTTTAGGAGTCTGACCCTCCACATCTCACTGGTGTGGGTGCATGGGGCTGTGGAGTGGGTGTCAGTAT
PMS2_chr7_5971345,PMS2_chr7_5971345,original_pool1,66,TGTAG,66,intersection,TGTAG,PRAISE,PUS7,TRUE,PMS2,chr7,5971345,-,CAGCGGTGGGCATTAGATTCTCATAGCAGCACGAGCCCTATTGTGAACTGCACACACGAGGGATGTAGGTTGCACGCTCCTTATGAGAATCTGATGCCTGATGATCTGTCACTGTCTCCCGTCACCCCCA
RHBDD2_chr7_75888787,RHBDD2_chr7_75888787,original_pool1,66,TGTAG,66,intersection,TGTAG,"PRAISE, directRNA_both",PUS7,TRUE,RHBDD2,chr7,75888787,+,CGTGTGTCCATGTGTCTGCCCTTCAGGAGCTCGCAGCTGGTGTGCTTGGCGGTCCCAGGCCTGTGTAGTGTCTCTCCCCTGCTGCGGGCGCCCCCACCCCGATTCCTCTCCCCAGAAGCGGTGGGATGGG
SETD7_chr4_139508484,SETD7_chr4_139508484,original_pool1,66,TGTAG,66,intersection,TGTAG,PRAISE,PUS7,TRUE,SETD7,chr4,139508484,-,CCCTTAGCATCTTTTCTGTGATGAAATATTATCTTGTGTTAGAGTTAGGAATAGGAACTAACCTGTAGGAGCATGTCCCCAAATGGACATTTGAATGGACTAACAAAAACAACTGGAAAGACTGAATTTC
SHBG_chr17_7631689,SHBG_chr17_7631689,original_pool1,66,TGTAG,66,intersection,TGTAG,directRNA_UtoC,PUS7,TRUE,SHBG,chr17,7631689,+,TTCCTGGCTGGACAAACAGGCCGAGATCTCAGCATCTGCCCCCACTAGCCTCAGAAGCTGTGATGTAGAATCAAATCCCGGGATATTTCTCCCTCCAGGGACTCAGGCAGAATTCAATCTCCGAGGTAGA
SMAD3_chr15_67193224,SMAD3_chr15_67193224,original_pool1,66,TCTAG,66,intersection,TCTAG,directRNA_UtoC,PUS7,TRUE,SMAD3,chr15,67193224,+,ATTTGTATATTAAAACACTTTTTTAAAGGACAGTTGAAAAGGGCAAGAGGAAACCAGGGCAGTTCTAGAGGAGTGCTGGTGACTGGATAGCAGTTTTAAGTGGCGTTCACCTAGTCAACACGACCGCGTG
STIM1_chr11_4092507,STIM1_chr11_4092507,original_pool1,66,TGTAG,66,intersection,TGTAG,"PRAISE, directRNA_both",PUS7,TRUE,STIM1,chr11,4092507,+,GCCAGGCTTGGGAATGGGTTGGGAGAGGCATCTGTTCATTGGAGCATGAGTGGATGCCAGAACTGTAGGTTATAAGGCAGTCACTTTTTCTCTCTACTCCCACCCACACCTGCCTCCCTCTTACCCCTGC
TMEM33_chr4_41959134,TMEM33_chr4_41959134,original_pool1,66,TCTAG,66,intersection,TCTAG,PRAISE,PUS7,TRUE,TMEM33,chr4,41959134,+,TCCACAGAGCCTATATGATATTATAGCTCAACATTTAGTATACCAAAGGCATACCCGTGTAAATCTAGGAGTTATTTCCAGAGATTGTTTTAAGGAGCAGTCTTATATTCAGGGTAGAAAGTTATGATTG
USP48_chr1_21728564,USP48_chr1_21728564,original_pool1,66,TGTAA,66,intersection,TGTAA,PRAISE,PUS7,TRUE,USP48,chr1,21728564,-,AAGGAAAAGCAAAACACGAAGAGGTTAAGGAGCTGTACCAAAGGTTACCTGCTGGAGCTGGTCTGTAAGATATTCTGGGACAGCACTGTTGCCATTAAGTGCCTTGTTTTTTTATGTTCACAAATGTATA
VTN_chr17_28367371,VTN_chr17_28367371,original_pool1,66,TGTAG,66,intersection,TGTAG,directRNA_dorado,PUS7,TRUE,"SARM1,VTN",chr17,28367371,-,TGGACCCTCCCTACCCACGCTCCATCGCTCAGTACTGGCTGGGCTGCCCAGCTCCTGGCCATCTGTAGGAGTCAGAGCCCACATGGCCGGGCCCTCTGTAGCTCCCTCCTCCCATCTCCTTCCCCCAGCC
ZFTA_chr11_63762387,ZFTA_chr11_63762387,original_pool1,66,TGTAG,66,intersection,TGTAG,PRAISE,PUS7,TRUE,ZFTA,chr11,63762387,-,GCCGCAGGCCCTGTGTGGCAGGGATGGGGCCCCGCGATCTCCCAGGCAGGTCCGAGAGGGATGTGTAGATTCATTCTCCTGTGGAGAACAGGTGGCCCCGAGATCAGGCCCTTTTTTGCTCTTTGTATTT
ZNF74_chr22_20405560,ZNF74_chr22_20405560,original_pool1,66,TGTAG,66,intersection,TGTAG,PRAISE,PUS7,TRUE,ZNF74,chr22,20405560,+,TGCTCTGCAGAGGAGTCAGGCTGCGCCCTGGGCGCCCGCACCTGCCATGGTCTGGGACGTCCCTGTAGAGGAATTCCCCCTCAGGTGTCCCCTCTTCGCCCAGCAACGCGTTCCCGAGGGGGGACCCTTG
