"source","method","target","rep","treat","chr","pos","gene","totalReads","A.count","C.count","G.count","T.count","Deletion.count","Insertion.count","ref","kmer","strand","delrate"
"dec14","No ASO","all",1,"BS","FIS1_chr7_101245032",66,"FIS1",5104,60,102,140,2038,2750,14,TRUE,"TGTAG","+",0.538793103448276
"dec14","No ASO","all",1,"BS","RHBDD2_chr7_75888787",65,"RHBDD2",3470,152,179,95,1280,1752,12,TRUE,"TGTAG","+",0.504899135446686
"dec14","No ASO","all",1,"BS","HDAC6_chrX_48823353",65,"HDAC6",2619,15,27,29,1912,592,44,TRUE,"TGTAG","+",0.226040473463154
"dec14","No ASO","all",1,"BS","EIF5_chr14_103342863",66,"EIF5",4568,191,100,205,872,3181,19,TRUE,"TGTAG","+",0.696366024518389
"dec14","No ASO","all",1,"BS","IGF2BP1_chr17_49043468",65,"IGF2BP1",4180,90,160,82,961,2871,16,TRUE,"TGTAG","+",0.686842105263158
"dec14","No ASO","all",1,"input","FIS1_chr7_101245032",66,"FIS1",13097,30,78,115,12766,80,28,TRUE,"TGTAG","+",0.0061082690692525
"dec14","No ASO","all",1,"input","RHBDD2_chr7_75888787",65,"RHBDD2",8359,195,619,130,6677,715,23,TRUE,"TGTAG","+",0.0855365474339036
"dec14","No ASO","all",1,"input","HDAC6_chrX_48823353",65,"HDAC6",5332,3,13,19,5151,36,110,TRUE,"TGTAG","+",0.0067516879219805
"dec14","No ASO","all",1,"input","EIF5_chr14_103342863",66,"EIF5",9829,25,39,32,9500,118,115,TRUE,"TGTAG","+",0.0120052904669855
"dec14","No ASO","all",1,"input","IGF2BP1_chr17_49043468",65,"IGF2BP1",9004,4,88,141,8510,191,70,TRUE,"TGTAG","+",0.0212127943136384
"dec14","No ASO","all",2,"BS","FIS1_chr7_101245032",66,"FIS1",12916,141,249,364,5234,6893,35,TRUE,"TGTAG","+",0.533679157633942
"dec14","No ASO","all",2,"BS","RHBDD2_chr7_75888787",65,"RHBDD2",9422,409,446,227,3665,4639,36,TRUE,"TGTAG","+",0.492358310337508
"dec14","No ASO","all",2,"BS","HDAC6_chrX_48823353",65,"HDAC6",7843,69,69,78,5779,1714,134,TRUE,"TGTAG","+",0.218538824429428
"dec14","No ASO","all",2,"BS","EIF5_chr14_103342863",66,"EIF5",11376,477,259,458,2026,8101,55,TRUE,"TGTAG","+",0.712113220815752
"dec14","No ASO","all",2,"BS","IGF2BP1_chr17_49043468",65,"IGF2BP1",11251,266,418,178,2549,7810,30,TRUE,"TGTAG","+",0.694160519064972
"dec14","No ASO","all",2,"input","FIS1_chr7_101245032",66,"FIS1",8520,25,50,85,8291,39,30,TRUE,"TGTAG","+",0.00457746478873239
"dec14","No ASO","all",2,"input","RHBDD2_chr7_75888787",65,"RHBDD2",5191,122,371,69,4184,431,14,TRUE,"TGTAG","+",0.0830283182431131
"dec14","No ASO","all",2,"input","HDAC6_chrX_48823353",65,"HDAC6",3012,7,8,8,2911,21,57,TRUE,"TGTAG","+",0.00697211155378486
"dec14","No ASO","all",2,"input","EIF5_chr14_103342863",66,"EIF5",7544,22,17,28,7308,86,83,TRUE,"TGTAG","+",0.0113997879109226
"dec14","No ASO","all",2,"input","IGF2BP1_chr17_49043468",65,"IGF2BP1",6052,6,64,95,5735,107,45,TRUE,"TGTAG","+",0.0176801057501652
"dec14","No ASO","all",3,"BS","FIS1_chr7_101245032",66,"FIS1",7301,76,155,211,2830,4007,22,TRUE,"TGTAG","+",0.548828927544172
"dec14","No ASO","all",3,"BS","RHBDD2_chr7_75888787",65,"RHBDD2",5374,226,261,141,2114,2610,22,TRUE,"TGTAG","+",0.485671752884258
"dec14","No ASO","all",3,"BS","HDAC6_chrX_48823353",65,"HDAC6",4056,47,47,53,2942,911,56,TRUE,"TGTAG","+",0.224605522682446
"dec14","No ASO","all",3,"BS","EIF5_chr14_103342863",66,"EIF5",6242,265,172,309,1062,4398,36,TRUE,"TGTAG","+",0.704581864786927
"dec14","No ASO","all",3,"BS","IGF2BP1_chr17_49043468",65,"IGF2BP1",6137,165,256,95,1411,4195,15,TRUE,"TGTAG","+",0.683558742056379
"dec14","No ASO","all",3,"input","FIS1_chr7_101245032",66,"FIS1",10853,24,54,91,10565,88,31,TRUE,"TGTAG","+",0.00810835713627568
"dec14","No ASO","all",3,"input","RHBDD2_chr7_75888787",65,"RHBDD2",6498,161,397,87,5303,520,30,TRUE,"TGTAG","+",0.0800246229609111
"dec14","No ASO","all",3,"input","HDAC6_chrX_48823353",65,"HDAC6",3982,7,5,13,3827,27,103,TRUE,"TGTAG","+",0.00678051230537418
"dec14","No ASO","all",3,"input","EIF5_chr14_103342863",66,"EIF5",8941,27,27,21,8633,125,108,TRUE,"TGTAG","+",0.0139805390895873
"dec14","No ASO","all",3,"input","IGF2BP1_chr17_49043468",65,"IGF2BP1",8061,11,104,149,7518,197,82,TRUE,"TGTAG","+",0.0244386552536906
"feb20","Pupup","FIS1",1,"BS","FIS1_chr7_101245032",66,"FIS1",1898,7,17,12,1644,211,7,TRUE,"TGTAG","+",0.111169652265543
"feb20","Pupup","FIS1",1,"BS","RHBDD2_chr7_75888787",65,"RHBDD2",13450,468,433,248,5838,6429,34,TRUE,"TGTAG","+",0.477992565055762
"feb20","Pupup","FIS1",1,"BS","HDAC6_chrX_48823353",65,"HDAC6",11171,65,61,161,8445,2258,181,TRUE,"TGTAG","+",0.202130516515979
"feb20","Pupup","FIS1",1,"BS","EIF5_chr14_103342863",66,"EIF5",16801,476,176,490,3234,12370,55,TRUE,"TGTAG","+",0.736265698470329
"feb20","Pupup","FIS1",1,"BS","IGF2BP1_chr17_49043468",65,"IGF2BP1",18564,345,501,208,4540,12944,26,TRUE,"TGTAG","+",0.697263520792933
"feb20","Pupup","FIS1",2,"BS","FIS1_chr7_101245032",66,"FIS1",2621,8,17,16,2253,324,3,TRUE,"TGTAG","+",0.123616940099199
"feb20","Pupup","FIS1",2,"BS","RHBDD2_chr7_75888787",65,"RHBDD2",15930,508,513,296,7075,7488,50,TRUE,"TGTAG","+",0.470056497175141
"feb20","Pupup","FIS1",2,"BS","HDAC6_chrX_48823353",65,"HDAC6",12978,104,57,221,9690,2753,153,TRUE,"TGTAG","+",0.212128216982586
"feb20","Pupup","FIS1",2,"BS","EIF5_chr14_103342863",66,"EIF5",17602,530,176,554,3380,12896,66,TRUE,"TGTAG","+",0.732644017725258
"feb20","Pupup","FIS1",2,"BS","IGF2BP1_chr17_49043468",65,"IGF2BP1",20799,409,491,222,5244,14404,29,TRUE,"TGTAG","+",0.692533294869946
"feb20","Pupup","FIS1",1,"input","FIS1_chr7_101245032",66,"FIS1",4155,4,15,10,4088,26,12,TRUE,"TGTAG","+",0.0062575210589651
"feb20","Pupup","FIS1",1,"input","RHBDD2_chr7_75888787",65,"RHBDD2",15175,209,543,134,13480,763,46,TRUE,"TGTAG","+",0.0502800658978583
"feb20","Pupup","FIS1",1,"input","HDAC6_chrX_48823353",65,"HDAC6",14864,10,17,22,14498,57,260,TRUE,"TGTAG","+",0.00383476856835307
"feb20","Pupup","FIS1",1,"input","EIF5_chr14_103342863",66,"EIF5",15697,30,33,23,15367,106,138,TRUE,"TGTAG","+",0.00675288271644263
"feb20","Pupup","FIS1",1,"input","IGF2BP1_chr17_49043468",65,"IGF2BP1",19698,17,114,183,19003,293,88,TRUE,"TGTAG","+",0.0148746065590415
"feb20","Pupup","FIS1",2,"input","FIS1_chr7_101245032",66,"FIS1",1755,2,6,5,1730,7,5,TRUE,"TGTAG","+",0.00398860398860399
"feb20","Pupup","FIS1",2,"input","RHBDD2_chr7_75888787",65,"RHBDD2",14651,202,570,124,12907,797,51,TRUE,"TGTAG","+",0.0543990171319364
"feb20","Pupup","FIS1",2,"input","HDAC6_chrX_48823353",65,"HDAC6",10276,6,12,21,10043,35,159,TRUE,"TGTAG","+",0.00340599455040872
"feb20","Pupup","FIS1",2,"input","EIF5_chr14_103342863",66,"EIF5",15889,31,47,20,15551,110,130,TRUE,"TGTAG","+",0.00692302851029014
"feb20","Pupup","FIS1",2,"input","IGF2BP1_chr17_49043468",65,"IGF2BP1",17341,20,115,207,16682,249,68,TRUE,"TGTAG","+",0.0143590335044115
"feb20","Control","FIS1",1,"BS","FIS1_chr7_101245032",66,"FIS1",1416,15,17,25,744,608,7,TRUE,"TGTAG","+",0.429378531073446
"feb20","Control","FIS1",1,"BS","RHBDD2_chr7_75888787",65,"RHBDD2",13995,429,376,242,6276,6634,38,TRUE,"TGTAG","+",0.474026438013576
"feb20","Control","FIS1",1,"BS","HDAC6_chrX_48823353",65,"HDAC6",9727,48,39,108,7641,1749,142,TRUE,"TGTAG","+",0.179808779685412
"feb20","Control","FIS1",1,"BS","EIF5_chr14_103342863",66,"EIF5",16703,516,164,522,2878,12569,54,TRUE,"TGTAG","+",0.752499550978866
"feb20","Control","FIS1",1,"BS","IGF2BP1_chr17_49043468",65,"IGF2BP1",19075,396,458,221,4412,13558,30,TRUE,"TGTAG","+",0.710773263433814
"feb20","Control","FIS1",2,"BS","FIS1_chr7_101245032",66,"FIS1",1253,9,16,37,652,536,3,TRUE,"TGTAG","+",0.427773343974461
"feb20","Control","FIS1",2,"BS","RHBDD2_chr7_75888787",65,"RHBDD2",12268,364,389,221,5283,5981,30,TRUE,"TGTAG","+",0.487528529507662
"feb20","Control","FIS1",2,"BS","HDAC6_chrX_48823353",65,"HDAC6",8895,59,37,106,6747,1820,126,TRUE,"TGTAG","+",0.204609331084879
"feb20","Control","FIS1",2,"BS","EIF5_chr14_103342863",66,"EIF5",16134,456,142,526,2699,12260,51,TRUE,"TGTAG","+",0.759885955125821
"feb20","Control","FIS1",2,"BS","IGF2BP1_chr17_49043468",65,"IGF2BP1",17692,349,499,189,3958,12661,36,TRUE,"TGTAG","+",0.715634184942347
"feb20","Control","FIS1",1,"input","FIS1_chr7_101245032",66,"FIS1",3303,6,5,15,3251,15,11,TRUE,"TGTAG","+",0.00454132606721163
"feb20","Control","FIS1",1,"input","RHBDD2_chr7_75888787",65,"RHBDD2",15105,194,445,145,13574,703,44,TRUE,"TGTAG","+",0.0465408805031447
"feb20","Control","FIS1",1,"input","HDAC6_chrX_48823353",65,"HDAC6",13071,7,22,30,12769,34,209,TRUE,"TGTAG","+",0.00260117818070538
"feb20","Control","FIS1",1,"input","EIF5_chr14_103342863",66,"EIF5",15847,22,31,23,15540,107,124,TRUE,"TGTAG","+",0.0067520666372184
"feb20","Control","FIS1",1,"input","IGF2BP1_chr17_49043468",65,"IGF2BP1",19378,19,99,192,18745,232,91,TRUE,"TGTAG","+",0.0119723397667458
"feb20","Control","FIS1",2,"input","FIS1_chr7_101245032",66,"FIS1",2692,4,8,9,2651,15,5,TRUE,"TGTAG","+",0.00557206537890045
"feb20","Control","FIS1",2,"input","RHBDD2_chr7_75888787",65,"RHBDD2",14749,169,466,140,13198,710,66,TRUE,"TGTAG","+",0.0481388568716523
"feb20","Control","FIS1",2,"input","HDAC6_chrX_48823353",65,"HDAC6",11326,9,15,15,11043,52,192,TRUE,"TGTAG","+",0.00459120607451881
"feb20","Control","FIS1",2,"input","EIF5_chr14_103342863",66,"EIF5",15914,16,35,25,15611,99,128,TRUE,"TGTAG","+",0.0062209375392736
"feb20","Control","FIS1",2,"input","IGF2BP1_chr17_49043468",65,"IGF2BP1",17788,11,107,213,17110,270,77,TRUE,"TGTAG","+",0.0151787722059816
"feb20","UNUAR","FIS1",1,"BS","FIS1_chr7_101245032",66,"FIS1",3886,9,27,23,3659,154,14,TRUE,"TGTAG","+",0.0396294390118374
"feb20","UNUAR","FIS1",1,"BS","RHBDD2_chr7_75888787",65,"RHBDD2",12886,366,381,225,6019,5863,32,TRUE,"TGTAG","+",0.454989911531895
"feb20","UNUAR","FIS1",1,"BS","HDAC6_chrX_48823353",65,"HDAC6",10240,58,54,120,8037,1841,130,TRUE,"TGTAG","+",0.17978515625
"feb20","UNUAR","FIS1",1,"BS","EIF5_chr14_103342863",66,"EIF5",16552,484,161,480,2945,12424,58,TRUE,"TGTAG","+",0.75060415659739
"feb20","UNUAR","FIS1",1,"BS","IGF2BP1_chr17_49043468",65,"IGF2BP1",17492,444,404,185,4282,12146,31,TRUE,"TGTAG","+",0.694374571232563
"feb20","UNUAR","FIS1",2,"BS","FIS1_chr7_101245032",66,"FIS1",3871,3,9,14,3686,150,9,TRUE,"TGTAG","+",0.0387496770860243
"feb20","UNUAR","FIS1",2,"BS","RHBDD2_chr7_75888787",65,"RHBDD2",14666,307,429,178,9069,4640,43,TRUE,"TGTAG","+",0.316378017182599
"feb20","UNUAR","FIS1",2,"BS","HDAC6_chrX_48823353",65,"HDAC6",10806,49,44,105,8829,1643,136,TRUE,"TGTAG","+",0.152045160096243
"feb20","UNUAR","FIS1",2,"BS","EIF5_chr14_103342863",66,"EIF5",16733,371,131,413,5848,9903,67,TRUE,"TGTAG","+",0.591824538337417
"feb20","UNUAR","FIS1",2,"BS","IGF2BP1_chr17_49043468",65,"IGF2BP1",17694,253,320,169,7528,9380,44,TRUE,"TGTAG","+",0.53012320560642
"feb20","UNUAR","FIS1",1,"input","FIS1_chr7_101245032",66,"FIS1",4704,3,15,16,4630,33,7,TRUE,"TGTAG","+",0.00701530612244898
"feb20","UNUAR","FIS1",1,"input","RHBDD2_chr7_75888787",65,"RHBDD2",15010,155,403,104,13673,623,52,TRUE,"TGTAG","+",0.0415056628914057
"feb20","UNUAR","FIS1",1,"input","HDAC6_chrX_48823353",65,"HDAC6",12057,6,22,18,11755,45,211,TRUE,"TGTAG","+",0.00373227170938044
"feb20","UNUAR","FIS1",1,"input","EIF5_chr14_103342863",66,"EIF5",15705,21,33,21,15378,113,139,TRUE,"TGTAG","+",0.00719516077682267
"feb20","UNUAR","FIS1",1,"input","IGF2BP1_chr17_49043468",65,"IGF2BP1",18676,18,107,213,18013,227,98,TRUE,"TGTAG","+",0.0121546369672307
"feb20","UNUAR","FIS1",2,"input","FIS1_chr7_101245032",66,"FIS1",4199,1,13,7,4147,24,7,TRUE,"TGTAG","+",0.00571564658251965
"feb20","UNUAR","FIS1",2,"input","RHBDD2_chr7_75888787",65,"RHBDD2",14493,209,505,125,12818,783,53,TRUE,"TGTAG","+",0.0540260815566135
"feb20","UNUAR","FIS1",2,"input","HDAC6_chrX_48823353",65,"HDAC6",10420,11,18,16,10168,46,161,TRUE,"TGTAG","+",0.00441458733205374
"feb20","UNUAR","FIS1",2,"input","EIF5_chr14_103342863",66,"EIF5",15739,32,35,25,15400,111,136,TRUE,"TGTAG","+",0.0070525446343478
"feb20","UNUAR","FIS1",2,"input","IGF2BP1_chr17_49043468",65,"IGF2BP1",17343,17,117,197,16657,271,84,TRUE,"TGTAG","+",0.0156259009398605
"mar14","Pupup","FIS1",2,"BS","FIS1_chr7_101245032",66,"FIS1",3559,7,17,22,3075,431,7,TRUE,"TGTAG","+",0.121101432986794
"mar14","Pupup","FIS1",2,"BS","RHBDD2_chr7_75888787",65,"RHBDD2",15504,458,431,223,7662,6679,51,TRUE,"TGTAG","+",0.430792053663571
"mar14","Pupup","FIS1",2,"BS","HDAC6_chrX_48823353",65,"HDAC6",16764,100,70,212,12627,3540,215,TRUE,"TGTAG","+",0.211166785969936
"mar14","Pupup","FIS1",2,"BS","EIF5_chr14_103342863",66,"EIF5",17822,609,134,575,2931,13500,73,TRUE,"TGTAG","+",0.757490741779823
"mar14","Pupup","FIS1",2,"BS","IGF2BP1_chr17_49043468",65,"IGF2BP1",22247,457,480,304,5419,15558,29,TRUE,"TGTAG","+",0.699330246774846
"mar14","Pupup","FIS1",3,"BS","FIS1_chr7_101245032",66,"FIS1",1816,2,9,16,1574,212,3,TRUE,"TGTAG","+",0.116740088105727
"mar14","Pupup","FIS1",3,"BS","RHBDD2_chr7_75888787",65,"RHBDD2",14458,376,367,203,7490,5982,40,TRUE,"TGTAG","+",0.413750172914649
"mar14","Pupup","FIS1",3,"BS","HDAC6_chrX_48823353",65,"HDAC6",14587,100,47,145,11177,2973,145,TRUE,"TGTAG","+",0.20381161308014
"mar14","Pupup","FIS1",3,"BS","EIF5_chr14_103342863",66,"EIF5",16006,495,140,511,2814,11993,53,TRUE,"TGTAG","+",0.749281519430214
"mar14","Pupup","FIS1",3,"BS","IGF2BP1_chr17_49043468",65,"IGF2BP1",18402,367,449,265,4539,12744,38,TRUE,"TGTAG","+",0.692533420280404
"mar14","Pupup","FIS1",1,"input","FIS1_chr7_101245032",66,"FIS1",4259,7,15,19,4179,24,15,TRUE,"TGTAG","+",0.00563512561634186
"mar14","Pupup","FIS1",1,"input","RHBDD2_chr7_75888787",65,"RHBDD2",15274,237,537,155,13336,958,51,TRUE,"TGTAG","+",0.062720963729213
"mar14","Pupup","FIS1",1,"input","HDAC6_chrX_48823353",65,"HDAC6",16355,13,27,23,15927,53,312,TRUE,"TGTAG","+",0.00324059920513604
"mar14","Pupup","FIS1",1,"input","EIF5_chr14_103342863",66,"EIF5",15692,34,45,26,15345,111,131,TRUE,"TGTAG","+",0.00707366811113943
"mar14","Pupup","FIS1",1,"input","IGF2BP1_chr17_49043468",65,"IGF2BP1",19920,18,139,325,19005,356,77,TRUE,"TGTAG","+",0.0178714859437751
"mar14","Pupup","FIS1",2,"input","FIS1_chr7_101245032",66,"FIS1",5610,7,23,18,5505,39,18,TRUE,"TGTAG","+",0.00695187165775401
"mar14","Pupup","FIS1",2,"input","RHBDD2_chr7_75888787",65,"RHBDD2",15080,231,509,137,13154,991,58,TRUE,"TGTAG","+",0.0657161803713528
"mar14","Pupup","FIS1",2,"input","HDAC6_chrX_48823353",65,"HDAC6",16755,9,22,32,16317,63,312,TRUE,"TGTAG","+",0.00376007162041182
"mar14","Pupup","FIS1",2,"input","EIF5_chr14_103342863",66,"EIF5",15566,29,41,25,15252,97,122,TRUE,"TGTAG","+",0.00623153025825517
"mar14","Pupup","FIS1",2,"input","IGF2BP1_chr17_49043468",65,"IGF2BP1",21176,27,158,326,20198,372,95,TRUE,"TGTAG","+",0.0175670570457121
"mar14","Pupup","FIS1",3,"input","FIS1_chr7_101245032",66,"FIS1",1585,1,4,9,1564,5,2,TRUE,"TGTAG","+",0.00315457413249211
"mar14","Pupup","FIS1",3,"input","RHBDD2_chr7_75888787",65,"RHBDD2",14928,235,506,138,13101,884,64,TRUE,"TGTAG","+",0.0592175777063237
"mar14","Pupup","FIS1",3,"input","HDAC6_chrX_48823353",65,"HDAC6",11891,5,16,19,11611,54,186,TRUE,"TGTAG","+",0.00454124968463544
"mar14","Pupup","FIS1",3,"input","EIF5_chr14_103342863",66,"EIF5",15838,29,40,22,15541,87,119,TRUE,"TGTAG","+",0.0054931178179063
"mar14","Pupup","FIS1",3,"input","IGF2BP1_chr17_49043468",65,"IGF2BP1",17854,13,154,322,16957,328,80,TRUE,"TGTAG","+",0.0183712333370673
"mar14","Control","FIS1",1,"BS","FIS1_chr7_101245032",66,"FIS1",1081,17,8,21,610,421,4,TRUE,"TGTAG","+",0.38945420906568
"mar14","Control","FIS1",1,"BS","RHBDD2_chr7_75888787",65,"RHBDD2",11310,347,279,148,5476,5032,28,TRUE,"TGTAG","+",0.444916003536693
"mar14","Control","FIS1",1,"BS","HDAC6_chrX_48823353",65,"HDAC6",11448,97,43,131,8535,2467,175,TRUE,"TGTAG","+",0.215496156533892
"mar14","Control","FIS1",1,"BS","EIF5_chr14_103342863",66,"EIF5",16662,491,133,470,2744,12783,41,TRUE,"TGTAG","+",0.767194814548074
"mar14","Control","FIS1",1,"BS","IGF2BP1_chr17_49043468",65,"IGF2BP1",18327,365,429,227,4359,12923,24,TRUE,"TGTAG","+",0.70513450100944
"mar14","Control","FIS1",2,"BS","FIS1_chr7_101245032",66,"FIS1",2763,12,40,43,1484,1176,8,TRUE,"TGTAG","+",0.425624321389794
"mar14","Control","FIS1",2,"BS","RHBDD2_chr7_75888787",65,"RHBDD2",15424,466,353,252,7573,6738,42,TRUE,"TGTAG","+",0.436851659751037
"mar14","Control","FIS1",2,"BS","HDAC6_chrX_48823353",65,"HDAC6",16125,115,69,184,12355,3205,197,TRUE,"TGTAG","+",0.198759689922481
"mar14","Control","FIS1",2,"BS","EIF5_chr14_103342863",66,"EIF5",17484,557,131,507,2923,13316,50,TRUE,"TGTAG","+",0.761610615419813
"mar14","Control","FIS1",2,"BS","IGF2BP1_chr17_49043468",65,"IGF2BP1",21968,524,502,274,5102,15513,53,TRUE,"TGTAG","+",0.706163510560816
"mar14","Control","FIS1",3,"BS","FIS1_chr7_101245032",66,"FIS1",4316,24,51,81,2233,1916,11,TRUE,"TGTAG","+",0.443929564411492
"mar14","Control","FIS1",3,"BS","RHBDD2_chr7_75888787",65,"RHBDD2",16894,525,497,276,7976,7591,29,TRUE,"TGTAG","+",0.44933112347579
"mar14","Control","FIS1",3,"BS","HDAC6_chrX_48823353",65,"HDAC6",18406,132,68,186,14250,3532,238,TRUE,"TGTAG","+",0.191893947625774
"mar14","Control","FIS1",3,"BS","EIF5_chr14_103342863",66,"EIF5",26689,916,195,730,4244,20531,73,TRUE,"TGTAG","+",0.7692682378508
"mar14","Control","FIS1",3,"BS","IGF2BP1_chr17_49043468",65,"IGF2BP1",31795,661,779,457,7319,22533,46,TRUE,"TGTAG","+",0.708696335901871
"mar14","Control","FIS1",1,"input","FIS1_chr7_101245032",66,"FIS1",5530,4,27,11,5448,24,16,TRUE,"TGTAG","+",0.00433996383363472
"mar14","Control","FIS1",1,"input","RHBDD2_chr7_75888787",65,"RHBDD2",15015,222,506,128,13177,925,57,TRUE,"TGTAG","+",0.0616050616050616
"mar14","Control","FIS1",1,"input","HDAC6_chrX_48823353",65,"HDAC6",16230,14,21,33,15840,67,255,TRUE,"TGTAG","+",0.00412815773259396
"mar14","Control","FIS1",1,"input","EIF5_chr14_103342863",66,"EIF5",16026,24,34,29,15718,113,108,TRUE,"TGTAG","+",0.00705104205665793
"mar14","Control","FIS1",1,"input","IGF2BP1_chr17_49043468",65,"IGF2BP1",20481,29,175,348,19481,343,105,TRUE,"TGTAG","+",0.0167472291392022
"mar14","Control","FIS1",2,"input","FIS1_chr7_101245032",66,"FIS1",6962,10,29,25,6844,31,23,TRUE,"TGTAG","+",0.00445274346452169
"mar14","Control","FIS1",2,"input","RHBDD2_chr7_75888787",65,"RHBDD2",15082,273,561,135,13168,896,49,TRUE,"TGTAG","+",0.0594085665031163
"mar14","Control","FIS1",2,"input","HDAC6_chrX_48823353",65,"HDAC6",16725,8,18,38,16344,53,264,TRUE,"TGTAG","+",0.00316890881913303
"mar14","Control","FIS1",2,"input","EIF5_chr14_103342863",66,"EIF5",16773,30,42,30,16419,111,141,TRUE,"TGTAG","+",0.00661777857270613
"mar14","Control","FIS1",2,"input","IGF2BP1_chr17_49043468",65,"IGF2BP1",20968,29,190,356,19890,384,119,TRUE,"TGTAG","+",0.0183136207554369
"mar14","Control","FIS1",3,"input","FIS1_chr7_101245032",66,"FIS1",4071,4,19,11,4008,15,14,TRUE,"TGTAG","+",0.00368459837877671
"mar14","Control","FIS1",3,"input","RHBDD2_chr7_75888787",65,"RHBDD2",14690,252,498,139,12852,914,35,TRUE,"TGTAG","+",0.0622191967324711
"mar14","Control","FIS1",3,"input","HDAC6_chrX_48823353",65,"HDAC6",14438,10,16,26,14090,55,241,TRUE,"TGTAG","+",0.00380939188253221
"mar14","Control","FIS1",3,"input","EIF5_chr14_103342863",66,"EIF5",15796,26,39,27,15455,101,148,TRUE,"TGTAG","+",0.00639402380349456
"mar14","Control","FIS1",3,"input","IGF2BP1_chr17_49043468",65,"IGF2BP1",19123,24,174,358,18148,341,78,TRUE,"TGTAG","+",0.0178319301364849
"mar14","No ASO","None",2,"BS","FIS1_chr7_101245032",66,"FIS1",17362,99,219,249,9239,7517,39,TRUE,"TGTAG","+",0.432957032599931
"mar14","No ASO","None",2,"BS","RHBDD2_chr7_75888787",65,"RHBDD2",15830,450,485,220,7798,6834,43,TRUE,"TGTAG","+",0.431711939355654
"mar14","No ASO","None",2,"BS","HDAC6_chrX_48823353",65,"HDAC6",16934,97,67,219,12805,3533,213,TRUE,"TGTAG","+",0.208633518365419
"mar14","No ASO","None",2,"BS","EIF5_chr14_103342863",66,"EIF5",17174,535,133,584,2870,12983,69,TRUE,"TGTAG","+",0.755968324211017
"mar14","No ASO","None",2,"BS","IGF2BP1_chr17_49043468",65,"IGF2BP1",22933,463,532,344,5313,16245,36,TRUE,"TGTAG","+",0.708367854183927
"mar14","No ASO","None",3,"BS","FIS1_chr7_101245032",66,"FIS1",17497,90,155,233,9863,7115,41,TRUE,"TGTAG","+",0.406641138480882
"mar14","No ASO","None",3,"BS","RHBDD2_chr7_75888787",65,"RHBDD2",16173,448,400,238,8630,6416,41,TRUE,"TGTAG","+",0.396710566994373
"mar14","No ASO","None",3,"BS","HDAC6_chrX_48823353",65,"HDAC6",16485,80,49,208,12870,3076,202,TRUE,"TGTAG","+",0.186593873218077
"mar14","No ASO","None",3,"BS","EIF5_chr14_103342863",66,"EIF5",16918,540,128,469,2698,13028,55,TRUE,"TGTAG","+",0.770067383851519
"mar14","No ASO","None",3,"BS","IGF2BP1_chr17_49043468",65,"IGF2BP1",22090,504,432,294,5152,15678,30,TRUE,"TGTAG","+",0.709732910819375
"mar14","No ASO","None",1,"input","FIS1_chr7_101245032",66,"FIS1",16108,18,60,57,15874,58,41,TRUE,"TGTAG","+",0.00360069530667991
"mar14","No ASO","None",1,"input","RHBDD2_chr7_75888787",65,"RHBDD2",14957,252,507,139,13126,872,61,TRUE,"TGTAG","+",0.0583004613224577
"mar14","No ASO","None",1,"input","HDAC6_chrX_48823353",65,"HDAC6",10974,11,9,17,10726,43,168,TRUE,"TGTAG","+",0.0039183524694733
"mar14","No ASO","None",1,"input","EIF5_chr14_103342863",66,"EIF5",15855,17,48,21,15530,110,129,TRUE,"TGTAG","+",0.00693787448754336
"mar14","No ASO","None",1,"input","IGF2BP1_chr17_49043468",65,"IGF2BP1",17073,12,133,248,16345,257,78,TRUE,"TGTAG","+",0.0150530076729339
"mar14","No ASO","None",2,"input","FIS1_chr7_101245032",66,"FIS1",19146,26,51,59,18893,67,50,TRUE,"TGTAG","+",0.00349942546746057
"mar14","No ASO","None",2,"input","RHBDD2_chr7_75888787",65,"RHBDD2",15432,236,436,146,13596,951,67,TRUE,"TGTAG","+",0.0616251944012442
"mar14","No ASO","None",2,"input","HDAC6_chrX_48823353",65,"HDAC6",16350,18,23,38,15908,67,296,TRUE,"TGTAG","+",0.00409785932721713
"mar14","No ASO","None",2,"input","EIF5_chr14_103342863",66,"EIF5",15957,38,52,26,15566,123,152,TRUE,"TGTAG","+",0.00770821583004324
"mar14","No ASO","None",2,"input","IGF2BP1_chr17_49043468",65,"IGF2BP1",21743,30,207,477,20355,532,142,TRUE,"TGTAG","+",0.0244676447592329
"mar14","No ASO","None",3,"input","FIS1_chr7_101245032",66,"FIS1",15418,23,50,48,15189,69,39,TRUE,"TGTAG","+",0.0044752886236866
"mar14","No ASO","None",3,"input","RHBDD2_chr7_75888787",65,"RHBDD2",13311,220,499,138,11675,734,45,TRUE,"TGTAG","+",0.0551423634587935
"mar14","No ASO","None",3,"input","HDAC6_chrX_48823353",65,"HDAC6",11067,7,11,24,10789,29,207,TRUE,"TGTAG","+",0.00262040299990964
"mar14","No ASO","None",3,"input","EIF5_chr14_103342863",66,"EIF5",16171,25,37,22,15838,104,145,TRUE,"TGTAG","+",0.00643126584626801
"mar14","No ASO","None",3,"input","IGF2BP1_chr17_49043468",65,"IGF2BP1",17500,16,126,238,16722,307,91,TRUE,"TGTAG","+",0.0175428571428571
